,0
0,/kaggle/input/datasets/alterralaniakea/autonomous-dataset/recording_20251025_142727_best_spatial/seq_00000
1,/kaggle/input/datasets/alterralaniakea/autonomous-dataset/recording_20251025_142727_best_spatial/seq_00001
2,/kaggle/input/datasets/alterralaniakea/autonomous-dataset/recording_20251025_142727_best_spatial/seq_00002
3,/kaggle/input/datasets/alterralaniakea/autonomous-dataset/recording_20251025_142727_best_spatial/seq_00003
4,/kaggle/input/datasets/alterralaniakea/autonomous-dataset/recording_20251025_142727_best_spatial/seq_00004
5,/kaggle/input/datasets/alterralaniakea/autonomous-dataset/recording_20251025_142727_best_spatial/seq_00005
6,/kaggle/input/datasets/alterralaniakea/autonomous-dataset/recording_20251025_142727_best_spatial/seq_00006
7,/kaggle/input/datasets/alterralaniakea/autonomous-dataset/recording_20251025_142727_best_spatial/seq_00007
8,/kaggle/input/datasets/alterralaniakea/autonomous-dataset/recording_20251025_142727_best_spatial/seq_00008
9,/kaggle/input/datasets/alterralaniakea/autonomous-dataset/recording_20251025_142727_best_spatial/seq_00009
10,/kaggle/input/datasets/alterralaniakea/autonomous-dataset/recording_20251025_142727_best_spatial/seq_00010
11,/kaggle/input/datasets/alterralaniakea/autonomous-dataset/recording_20251025_142727_best_spatial/seq_00011
12,/kaggle/input/datasets/alterralaniakea/autonomous-dataset/recording_20251025_142727_best_spatial/seq_00012
13,/kaggle/input/datasets/alterralaniakea/autonomous-dataset/recording_20251025_142727_best_spatial/seq_00013
14,/kaggle/input/datasets/alterralaniakea/autonomous-dataset/recording_20251025_142727_best_spatial/seq_00014
15,/kaggle/input/datasets/alterralaniakea/autonomous-dataset/recording_20251025_142727_best_spatial/seq_00015
16,/kaggle/input/datasets/alterralaniakea/autonomous-dataset/recording_20251025_142727_best_spatial/seq_00016
17,/kaggle/input/datasets/alterralaniakea/autonomous-dataset/recording_20251025_142727_best_spatial/seq_00017
18,/kaggle/input/datasets/alterralaniakea/autonomous-dataset/recording_20251025_142727_best_spatial/seq_00018
19,/kaggle/input/datasets/alterralaniakea/autonomous-dataset/recording_20251025_142727_best_spatial/seq_00019
20,/kaggle/input/datasets/alterralaniakea/autonomous-dataset/recording_20251025_142727_best_spatial/seq_00020
21,/kaggle/input/datasets/alterralaniakea/autonomous-dataset/recording_20251025_142727_best_spatial/seq_00021
22,/kaggle/input/datasets/alterralaniakea/autonomous-dataset/recording_20251025_142727_best_spatial/seq_00022
23,/kaggle/input/datasets/alterralaniakea/autonomous-dataset/recording_20251025_142727_best_spatial/seq_00023
24,/kaggle/input/datasets/alterralaniakea/autonomous-dataset/recording_20251025_142727_best_spatial/seq_00024
25,/kaggle/input/datasets/alterralaniakea/autonomous-dataset/recording_20251025_142727_best_spatial/seq_00025
26,/kaggle/input/datasets/alterralaniakea/autonomous-dataset/recording_20251025_142727_best_spatial/seq_00026
27,/kaggle/input/datasets/alterralaniakea/autonomous-dataset/recording_20251025_142727_best_spatial/seq_00027
28,/kaggle/input/datasets/alterralaniakea/autonomous-dataset/recording_20251025_142727_best_spatial/seq_00028
29,/kaggle/input/datasets/alterralaniakea/autonomous-dataset/recording_20251025_142727_best_spatial/seq_00029
30,/kaggle/input/datasets/alterralaniakea/autonomous-dataset/recording_20251025_142727_best_spatial/seq_00030
31,/kaggle/input/datasets/alterralaniakea/autonomous-dataset/recording_20251025_142727_best_spatial/seq_00031
32,/kaggle/input/datasets/alterralaniakea/autonomous-dataset/recording_20251025_142727_best_spatial/seq_00032
33,/kaggle/input/datasets/alterralaniakea/autonomous-dataset/recording_20251025_142727_best_spatial/seq_00033
34,/kaggle/input/datasets/alterralaniakea/autonomous-dataset/recording_20251025_142727_best_spatial/seq_00034
35,/kaggle/input/datasets/alterralaniakea/autonomous-dataset/recording_20251025_142727_best_spatial/seq_00035
36,/kaggle/input/datasets/alterralaniakea/autonomous-dataset/recording_20251025_142727_best_spatial/seq_00036
37,/kaggle/input/datasets/alterralaniakea/autonomous-dataset/recording_20251025_142727_best_spatial/seq_00037
38,/kaggle/input/datasets/alterralaniakea/autonomous-dataset/recording_20251025_142727_best_spatial/seq_00038
39,/kaggle/input/datasets/alterralaniakea/autonomous-dataset/recording_20251025_142727_best_spatial/seq_00039
40,/kaggle/input/datasets/alterralaniakea/autonomous-dataset/recording_20251025_142727_best_spatial/seq_00040
41,/kaggle/input/datasets/alterralaniakea/autonomous-dataset/recording_20251025_142727_best_spatial/seq_00041
42,/kaggle/input/datasets/alterralaniakea/autonomous-dataset/recording_20251025_142727_best_spatial/seq_00042
43,/kaggle/input/datasets/alterralaniakea/autonomous-dataset/recording_20251025_142727_best_spatial/seq_00043
44,/kaggle/input/datasets/alterralaniakea/autonomous-dataset/recording_20251025_142727_best_spatial/seq_00044
45,/kaggle/input/datasets/alterralaniakea/autonomous-dataset/recording_20251025_142727_best_spatial/seq_00045
46,/kaggle/input/datasets/alterralaniakea/autonomous-dataset/recording_20251025_142727_best_spatial/seq_00046
47,/kaggle/input/datasets/alterralaniakea/autonomous-dataset/recording_20251025_142727_best_spatial/seq_00047
48,/kaggle/input/datasets/alterralaniakea/autonomous-dataset/recording_20251025_142727_best_spatial/seq_00048
49,/kaggle/input/datasets/alterralaniakea/autonomous-dataset/recording_20251025_142727_best_spatial/seq_00049
50,/kaggle/input/datasets/alterralaniakea/autonomous-dataset/recording_20251025_142727_best_spatial/seq_00050
51,/kaggle/input/datasets/alterralaniakea/autonomous-dataset/recording_20251025_142727_best_spatial/seq_00051
52,/kaggle/input/datasets/alterralaniakea/autonomous-dataset/recording_20251025_142727_best_spatial/seq_00052
53,/kaggle/input/datasets/alterralaniakea/autonomous-dataset/recording_20251025_142727_best_spatial/seq_00053
54,/kaggle/input/datasets/alterralaniakea/autonomous-dataset/recording_20251025_142727_best_spatial/seq_00054
55,/kaggle/input/datasets/alterralaniakea/autonomous-dataset/recording_20251025_142727_best_spatial/seq_00055
56,/kaggle/input/datasets/alterralaniakea/autonomous-dataset/recording_20251025_142727_best_spatial/seq_00056
57,/kaggle/input/datasets/alterralaniakea/autonomous-dataset/recording_20251025_142727_best_spatial/seq_00057
58,/kaggle/input/datasets/alterralaniakea/autonomous-dataset/recording_20251025_142727_best_spatial/seq_00058
59,/kaggle/input/datasets/alterralaniakea/autonomous-dataset/recording_20251025_142727_best_spatial/seq_00059
60,/kaggle/input/datasets/alterralaniakea/autonomous-dataset/recording_20251025_142727_best_spatial/seq_00060
61,/kaggle/input/datasets/alterralaniakea/autonomous-dataset/recording_20251025_142727_best_spatial/seq_00061
62,/kaggle/input/datasets/alterralaniakea/autonomous-dataset/recording_20251025_142727_best_spatial/seq_00062
63,/kaggle/input/datasets/alterralaniakea/autonomous-dataset/recording_20251025_142727_best_spatial/seq_00063
64,/kaggle/input/datasets/alterralaniakea/autonomous-dataset/recording_20251025_142727_best_spatial/seq_00064
65,/kaggle/input/datasets/alterralaniakea/autonomous-dataset/recording_20251025_142727_best_spatial/seq_00065
66,/kaggle/input/datasets/alterralaniakea/autonomous-dataset/recording_20251025_142727_best_spatial/seq_00066
67,/kaggle/input/datasets/alterralaniakea/autonomous-dataset/recording_20251025_142727_best_spatial/seq_00067
68,/kaggle/input/datasets/alterralaniakea/autonomous-dataset/recording_20251025_142727_best_spatial/seq_00068
69,/kaggle/input/datasets/alterralaniakea/autonomous-dataset/recording_20251025_142727_best_spatial/seq_00069
70,/kaggle/input/datasets/alterralaniakea/autonomous-dataset/recording_20251025_142727_best_spatial/seq_00070
71,/kaggle/input/datasets/alterralaniakea/autonomous-dataset/recording_20251025_142727_best_spatial/seq_00071
72,/kaggle/input/datasets/alterralaniakea/autonomous-dataset/recording_20251025_142727_best_spatial/seq_00072
73,/kaggle/input/datasets/alterralaniakea/autonomous-dataset/recording_20251025_142727_best_spatial/seq_00073
74,/kaggle/input/datasets/alterralaniakea/autonomous-dataset/recording_20251025_142727_best_spatial/seq_00074
75,/kaggle/input/datasets/alterralaniakea/autonomous-dataset/recording_20251025_142727_best_spatial/seq_00075
76,/kaggle/input/datasets/alterralaniakea/autonomous-dataset/recording_20251025_142727_best_spatial/seq_00076
77,/kaggle/input/datasets/alterralaniakea/autonomous-dataset/recording_20251025_142727_best_spatial/seq_00077
78,/kaggle/input/datasets/alterralaniakea/autonomous-dataset/recording_20251025_142727_best_spatial/seq_00078
79,/kaggle/input/datasets/alterralaniakea/autonomous-dataset/recording_20251025_142727_best_spatial/seq_00079
80,/kaggle/input/datasets/alterralaniakea/autonomous-dataset/recording_20251025_142727_best_spatial/seq_00080
81,/kaggle/input/datasets/alterralaniakea/autonomous-dataset/recording_20251025_142727_best_spatial/seq_00081
82,/kaggle/input/datasets/alterralaniakea/autonomous-dataset/recording_20251025_142727_best_spatial/seq_00082
83,/kaggle/input/datasets/alterralaniakea/autonomous-dataset/recording_20251025_142727_best_spatial/seq_00083
84,/kaggle/input/datasets/alterralaniakea/autonomous-dataset/recording_20251025_142727_best_spatial/seq_00084
85,/kaggle/input/datasets/alterralaniakea/autonomous-dataset/recording_20251025_142727_best_spatial/seq_00085
86,/kaggle/input/datasets/alterralaniakea/autonomous-dataset/recording_20251025_142727_best_spatial/seq_00086
87,/kaggle/input/datasets/alterralaniakea/autonomous-dataset/recording_20251025_142727_best_spatial/seq_00087
88,/kaggle/input/datasets/alterralaniakea/autonomous-dataset/recording_20251025_142727_best_spatial/seq_00088
89,/kaggle/input/datasets/alterralaniakea/autonomous-dataset/recording_20251025_142727_best_spatial/seq_00089
90,/kaggle/input/datasets/alterralaniakea/autonomous-dataset/recording_20251025_142727_best_spatial/seq_00090
91,/kaggle/input/datasets/alterralaniakea/autonomous-dataset/recording_20251025_142727_best_spatial/seq_00091
92,/kaggle/input/datasets/alterralaniakea/autonomous-dataset/recording_20251025_142727_best_spatial/seq_00092
93,/kaggle/input/datasets/alterralaniakea/autonomous-dataset/recording_20251025_142727_best_spatial/seq_00093
94,/kaggle/input/datasets/alterralaniakea/autonomous-dataset/recording_20251025_142727_best_spatial/seq_00094
95,/kaggle/input/datasets/alterralaniakea/autonomous-dataset/recording_20251025_142727_best_spatial/seq_00095
96,/kaggle/input/datasets/alterralaniakea/autonomous-dataset/recording_20251025_142727_best_spatial/seq_00096
97,/kaggle/input/datasets/alterralaniakea/autonomous-dataset/recording_20251025_142727_best_spatial/seq_00097
98,/kaggle/input/datasets/alterralaniakea/autonomous-dataset/recording_20251025_142727_best_spatial/seq_00098
99,/kaggle/input/datasets/alterralaniakea/autonomous-dataset/recording_20251025_142727_best_spatial/seq_00099
100,/kaggle/input/datasets/alterralaniakea/autonomous-dataset/recording_20251025_142727_best_spatial/seq_00100
101,/kaggle/input/datasets/alterralaniakea/autonomous-dataset/recording_20251025_142727_best_spatial/seq_00101
102,/kaggle/input/datasets/alterralaniakea/autonomous-dataset/recording_20251025_142727_best_spatial/seq_00102
103,/kaggle/input/datasets/alterralaniakea/autonomous-dataset/recording_20251025_142727_best_spatial/seq_00103
104,/kaggle/input/datasets/alterralaniakea/autonomous-dataset/recording_20251025_142727_best_spatial/seq_00104
105,/kaggle/input/datasets/alterralaniakea/autonomous-dataset/recording_20251025_142727_best_spatial/seq_00105
106,/kaggle/input/datasets/alterralaniakea/autonomous-dataset/recording_20251025_142727_best_spatial/seq_00106
107,/kaggle/input/datasets/alterralaniakea/autonomous-dataset/recording_20251025_142727_best_spatial/seq_00107
108,/kaggle/input/datasets/alterralaniakea/autonomous-dataset/recording_20251025_142727_best_spatial/seq_00108
109,/kaggle/input/datasets/alterralaniakea/autonomous-dataset/recording_20251025_142727_best_spatial/seq_00109
110,/kaggle/input/datasets/alterralaniakea/autonomous-dataset/recording_20251025_142727_best_spatial/seq_00110
111,/kaggle/input/datasets/alterralaniakea/autonomous-dataset/recording_20251025_142727_best_spatial/seq_00111
112,/kaggle/input/datasets/alterralaniakea/autonomous-dataset/recording_20251025_142727_best_spatial/seq_00112
113,/kaggle/input/datasets/alterralaniakea/autonomous-dataset/recording_20251025_142727_best_spatial/seq_00113
114,/kaggle/input/datasets/alterralaniakea/autonomous-dataset/recording_20251025_142727_best_spatial/seq_00114
115,/kaggle/input/datasets/alterralaniakea/autonomous-dataset/recording_20251025_142727_best_spatial/seq_00115
116,/kaggle/input/datasets/alterralaniakea/autonomous-dataset/recording_20251025_142727_best_spatial/seq_00116
117,/kaggle/input/datasets/alterralaniakea/autonomous-dataset/recording_20251025_142727_best_spatial/seq_00117
118,/kaggle/input/datasets/alterralaniakea/autonomous-dataset/recording_20251025_142727_best_spatial/seq_00118
119,/kaggle/input/datasets/alterralaniakea/autonomous-dataset/recording_20251025_142727_best_spatial/seq_00119
120,/kaggle/input/datasets/alterralaniakea/autonomous-dataset/recording_20251025_142727_best_spatial/seq_00120
121,/kaggle/input/datasets/alterralaniakea/autonomous-dataset/recording_20251025_142727_best_spatial/seq_00121
122,/kaggle/input/datasets/alterralaniakea/autonomous-dataset/recording_20251025_142727_best_spatial/seq_00122
123,/kaggle/input/datasets/alterralaniakea/autonomous-dataset/recording_20251025_142727_best_spatial/seq_00123
124,/kaggle/input/datasets/alterralaniakea/autonomous-dataset/recording_20251025_142727_best_spatial/seq_00124
125,/kaggle/input/datasets/alterralaniakea/autonomous-dataset/recording_20251025_142727_best_spatial/seq_00125
126,/kaggle/input/datasets/alterralaniakea/autonomous-dataset/recording_20251025_142727_best_spatial/seq_00126
127,/kaggle/input/datasets/alterralaniakea/autonomous-dataset/recording_20251025_142727_best_spatial/seq_00127
128,/kaggle/input/datasets/alterralaniakea/autonomous-dataset/recording_20251025_142727_best_spatial/seq_00128
129,/kaggle/input/datasets/alterralaniakea/autonomous-dataset/recording_20251025_142727_best_spatial/seq_00129
130,/kaggle/input/datasets/alterralaniakea/autonomous-dataset/recording_20251025_142727_best_spatial/seq_00130
131,/kaggle/input/datasets/alterralaniakea/autonomous-dataset/recording_20251025_142727_best_spatial/seq_00131
132,/kaggle/input/datasets/alterralaniakea/autonomous-dataset/recording_20251025_142727_best_spatial/seq_00132
133,/kaggle/input/datasets/alterralaniakea/autonomous-dataset/recording_20251025_142727_best_spatial/seq_00133
134,/kaggle/input/datasets/alterralaniakea/autonomous-dataset/recording_20251025_142727_best_spatial/seq_00134
135,/kaggle/input/datasets/alterralaniakea/autonomous-dataset/recording_20251025_142727_best_spatial/seq_00135
136,/kaggle/input/datasets/alterralaniakea/autonomous-dataset/recording_20251025_142727_best_spatial/seq_00136
137,/kaggle/input/datasets/alterralaniakea/autonomous-dataset/recording_20251025_142727_best_spatial/seq_00137
138,/kaggle/input/datasets/alterralaniakea/autonomous-dataset/recording_20251025_142727_best_spatial/seq_00138
139,/kaggle/input/datasets/alterralaniakea/autonomous-dataset/recording_20251025_142727_best_spatial/seq_00139
140,/kaggle/input/datasets/alterralaniakea/autonomous-dataset/recording_20251025_142727_best_spatial/seq_00140
141,/kaggle/input/datasets/alterralaniakea/autonomous-dataset/recording_20251025_142727_best_spatial/seq_00141
142,/kaggle/input/datasets/alterralaniakea/autonomous-dataset/recording_20251025_142727_best_spatial/seq_00142
143,/kaggle/input/datasets/alterralaniakea/autonomous-dataset/recording_20251025_142727_best_spatial/seq_00143
144,/kaggle/input/datasets/alterralaniakea/autonomous-dataset/recording_20251025_142727_best_spatial/seq_00144
145,/kaggle/input/datasets/alterralaniakea/autonomous-dataset/recording_20251025_142727_best_spatial/seq_00145
146,/kaggle/input/datasets/alterralaniakea/autonomous-dataset/recording_20251025_142727_best_spatial/seq_00146
147,/kaggle/input/datasets/alterralaniakea/autonomous-dataset/recording_20251025_142727_best_spatial/seq_00147
148,/kaggle/input/datasets/alterralaniakea/autonomous-dataset/recording_20251025_142727_best_spatial/seq_00148
149,/kaggle/input/datasets/alterralaniakea/autonomous-dataset/recording_20251025_142727_best_spatial/seq_00149
150,/kaggle/input/datasets/alterralaniakea/autonomous-dataset/recording_20251025_142727_best_spatial/seq_00150
151,/kaggle/input/datasets/alterralaniakea/autonomous-dataset/recording_20251025_142727_best_spatial/seq_00151
152,/kaggle/input/datasets/alterralaniakea/autonomous-dataset/recording_20251025_142727_best_spatial/seq_00152
153,/kaggle/input/datasets/alterralaniakea/autonomous-dataset/recording_20251025_142727_best_spatial/seq_00153
154,/kaggle/input/datasets/alterralaniakea/autonomous-dataset/recording_20251025_142727_best_spatial/seq_00154
155,/kaggle/input/datasets/alterralaniakea/autonomous-dataset/recording_20251025_142727_best_spatial/seq_00155
